Valor,Marca,Modelo,Bairro,Município,UF,Data da venda,Loja,Endereço da loja,Categoria,Cidade da loja,UF da loja,Dia da semana,Dia do mês
76470.35,PEUGEOT,2008 ALLURE PACK 1.6 AT,FREGUESIA (JACAREPAGUÁ),RIO DE JANEIRO - RJ,RJ,2024-12-01,IT,Rio de Janeiro - RJ,Carro,Rio de Janeiro,RJ,Domingo,1
66899.5,RENAULT,LOGAN ZEN 1.0,OLARIA,RIO DE JANEIRO - RJ,RJ,2024-12-02,DC,Duque de Caxias - RJ,Carro,Duque de Caxias,RJ,Segunda,2
66800.0,FIAT,ARGO 1.0,REALENGO,RIO DE JANEIRO - RJ,RJ,2024-12-02,CG,Rio de Janeiro - RJ,Carro,Rio de Janeiro,RJ,Segunda,2
53233.21,FIAT,MOBI LIKE 1.0,OURO PRETO,NOVA IGUAÇU - RJ,RJ,2024-12-02,NI,Nova Iguaçu - RJ,Carro,Nova Iguaçu,RJ,Segunda,2
65000.0,FIAT,ARGO 1.0,CONDOMÍNIO MARACANÃ,SANTO ANDRÉ - SP,SP,2024-12-02,VP,São Paulo - SP,Carro,São Paulo,SP,Segunda,2
46300.0,FIAT,MOBI LIKE 1.0 FIRE,SERRA GRANDE,NITERÓI - RJ,RJ,2024-12-02,NT,Niterói - RJ,Carro,Niterói,RJ,Segunda,2
62078.49,FIAT,STRADA WORKING 1.4  FIRE,CAMPO GRANDE,RIO DE JANEIRO - RJ,RJ,2024-12-02,CG,Rio de Janeiro - RJ,Carro,Rio de Janeiro,RJ,Segunda,2
59479.32,FIAT,MOBI LIKE,JARDIM NOVA ERA,NOVA IGUAÇU - RJ,RJ,2024-12-03,NI,Nova Iguaçu - RJ,Carro,Nova Iguaçu,RJ,Terça,3
65051.17,VOLKSWAGEN,VOYAGE 1.6L MB5,JARDIM SANTA RITA,NOVA IGUAÇU - RJ,RJ,2024-12-03,NI,Nova Iguaçu - RJ,Carro,Nova Iguaçu,RJ,Terça,3
60677.13,FORD,KA SE 1.0 HA C,COELHO NETO,RIO DE JANEIRO - RJ,RJ,2024-12-03,IT,Rio de Janeiro - RJ,Carro,Rio de Janeiro,RJ,Terça,3
21555.88,VOLKSWAGEN,GOL 1.0 GIV,CIDADE TUPINAMBÁ,GUARULHOS - SP,SP,2024-12-03,OS,Osasco - SP,Carro,Osasco,SP,Terça,3
63810.4,RENAULT,LOGAN LIFE 1.0,FREGUESIA,RIO DE JANEIRO - RJ,RJ,2024-12-03,IT,Rio de Janeiro - RJ,Carro,Rio de Janeiro,RJ,Terça,3
53952.82,FIAT,MOBI LIKE 1.0,PARQUE BEIRA MAR,DUQUE DE CAXIAS - RJ,RJ,2024-12-03,DC,Duque de Caxias - RJ,Carro,Duque de Caxias,RJ,Terça,3
56223.09,VOLKSWAGEN,GOL 1.0,SÃO JOSÉ DA CACHOEIRA (RIO DO OURO),MAGÉ - RJ,RJ,2024-12-03,DC,Duque de Caxias - RJ,Carro,Duque de Caxias,RJ,Terça,3
20500.0,VOLKSWAGEN,GOL 1.0,CIDADE NOVA HELIÓPOLIS,SÃO PAULO - SP,SP,2024-12-03,OS,Osasco - SP,Carro,Osasco,SP,Terça,3
56465.23,FORD,KA SE 1.0,SÃO ROQUE,QUEIMADOS - RJ,RJ,2024-12-03,NI,Nova Iguaçu - RJ,Carro,Nova Iguaçu,RJ,Terça,3
79476.08,FIAT,CRONOS 1.3,SÃO FRANCISCO,SÃO FRANCISCO DE ITABAPOANA - RJ,RJ,2024-12-03,NT,Niterói - RJ,Carro,Niterói,RJ,Terça,3
33503.47,FORD,FIESTA SEDAN 1.6 FLEX,CIDADE NOVA HELIÓPOLIS,SÃO PAULO - SP,SP,2024-12-03,VP,São Paulo - SP,Carro,São Paulo,SP,Terça,3
62002.3,RENAULT,LOGAN ZEN 1.0,PADRE MIGUEL,RIO DE JANEIRO - RJ,RJ,2024-12-04,IT,Rio de Janeiro - RJ,Carro,Rio de Janeiro,RJ,Quarta,4
25890.84,FORD,KA FLEX,CENTRO,NILÓPOLIS - RJ,RJ,2024-12-04,NI,Nova Iguaçu - RJ,Carro,Nova Iguaçu,RJ,Quarta,4
58784.72,PEUGEOT,PARTNER MARIMAR 1.6,JARDIM ATLÂNTICO LESTE (ITAIPUAÇU),MARICÁ - RJ,RJ,2024-12-04,NT,Niterói - RJ,Carro,Niterói,RJ,Quarta,4
52180.41,FIAT,MOBI LIKE 1.0,CAMPO GRANDE,RIO DE JANEIRO - RJ,RJ,2024-12-04,CG,Rio de Janeiro - RJ,Carro,Rio de Janeiro,RJ,Quarta,4
65092.88,RENAULT,LOGAN ZEN10MT,CORDOVIL,RIO DE JANEIRO - RJ,RJ,2024-12-04,DC,Duque de Caxias - RJ,Carro,Duque de Caxias,RJ,Quarta,4
48157.34,FORD,KA SE 1.0 HA C,VILA CARMELITA,JAPERI - RJ,RJ,2024-12-04,NI,Nova Iguaçu - RJ,Carro,Nova Iguaçu,RJ,Quarta,4
54379.78,HYUNDAI,HB20 1.6M COMF,SANTO AMARO,SÃO PAULO - SP,SP,2024-12-04,OS,Osasco - SP,Carro,Osasco,SP,Quarta,4
87405.93,CITROEN,C4 CACTUS FEEL 1.6 AT.,JARDIM SÃO JUDAS TADEU,TABOÃO DA SERRA - SP,SP,2024-12-04,OS,Osasco - SP,Carro,Osasco,SP,Quarta,4
65457.39,HYUNDAI,HB20 EVOLUTION BLUELINK 1.0,VILA RAMOS,SÃO PAULO - SP,SP,2024-12-04,OS,Osasco - SP,Carro,Osasco,SP,Quarta,4
52644.0,RENAULT,KWID ZEN 1.0,CAMBUCI,SÃO PAULO - SP,SP,2024-12-04,VP,São Paulo - SP,Carro,São Paulo,SP,Quarta,4
70000.44,PEUGEOT,208 ACTIVE AT1,JARDIM ATLÂNTICO LESTE (ITAIPUAÇU),MARICÁ - RJ,RJ,2024-12-04,NT,Niterói - RJ,Carro,Niterói,RJ,Quarta,4
67000.0,CHEVROLET,ONIX LT 1.0,COSTA BARROS,RIO DE JANEIRO - RJ,RJ,2024-12-04,IT,Rio de Janeiro - RJ,Carro,Rio de Janeiro,RJ,Quarta,4
78175.0,PEUGEOT,2008 ALLURE PACK 1.6 AT,VILA SANTA CRUZ,DUQUE DE CAXIAS - RJ,RJ,2024-12-04,DC,Duque de Caxias - RJ,Carro,Duque de Caxias,RJ,Quarta,4
61049.0,FIAT,STRADA WORKING 1.4  FIRE,VILA TRÊS,SÃO GONÇALO - RJ,RJ,2024-12-04,NT,Niterói - RJ,Carro,Niterói,RJ,Quarta,4
48042.0,FIAT,MOBI EASY 1.0,CHÁCARAS RIO-PETRÓPOLIS,DUQUE DE CAXIAS - RJ,RJ,2024-12-04,DC,Duque de Caxias - RJ,Carro,Duque de Caxias,RJ,Quarta,4
76643.4,CITROEN,C4 CACTUS FEEL 1.6 AT,JARDIM ARPOADOR,FRANCISCO MORATO - SP,SP,2024-12-05,OS,Osasco - SP,Carro,Osasco,SP,Quinta,5
73100.0,FIAT,CRONOS DRIVE 1.0,PARQUE CENTRAL,SÃO PAULO - SP,SP,2024-12-05,VP,São Paulo - SP,Carro,São Paulo,SP,Quinta,5
49115.6,FIAT,MOBI LIKE 1.0,SEPETIBA,RIO DE JANEIRO - RJ,RJ,2024-12-05,IT,Rio de Janeiro - RJ,Carro,Rio de Janeiro,RJ,Quinta,5
57652.86,FIAT,MOBI LIKE,VALE DO IPÊ,BELFORD ROXO - RJ,RJ,2024-12-05,DC,Duque de Caxias - RJ,Carro,Duque de Caxias,RJ,Quinta,5
39221.9,JAC,T6 2.0 JETFLEX,SÃO CRISTÓVÃO,RIO DE JANEIRO - RJ,RJ,2024-12-05,IT,Rio de Janeiro - RJ,Carro,Rio de Janeiro,RJ,Quinta,5
59322.0,RENAULT,LOGAN ZEN 1.0,VILA SÃO SILVESTRE,SÃO PAULO - SP,SP,2024-12-05,VP,São Paulo - SP,Carro,São Paulo,SP,Quinta,5
51000.0,FIAT,MOBI LIKE 1.0,TANQUE,RIO DE JANEIRO - RJ,RJ,2024-12-05,IT,Rio de Janeiro - RJ,Carro,Rio de Janeiro,RJ,Quinta,5
61031.9,RENAULT,LOGAN LIFE10MT,TANQUE,RIO DE JANEIRO - RJ,RJ,2024-12-05,IT,Rio de Janeiro - RJ,Carro,Rio de Janeiro,RJ,Quinta,5
63647.0,RENAULT,LOGAN ZEN10MT,AGUA LIMPA,VOLTA REDONDA - RJ,RJ,2024-12-06,BM,Barra Mansa - RJ,Carro,Barra Mansa,RJ,Sexta,6
83037.66,CITROEN,C4CACTUS FEEL A,JACONÉ (SAMPAIO CORREIA),SAQUAREMA - RJ,RJ,2024-12-06,NT,Niterói - RJ,Carro,Niterói,RJ,Sexta,6
61681.71,CHEVROLET,COBALT 18A LTZ,PIEDADE,RIO DE JANEIRO - RJ,RJ,2024-12-06,CG,Rio de Janeiro - RJ,Carro,Rio de Janeiro,RJ,Sexta,6
56240.23,FIAT,MOBI LIKE 1.0,LOTE XV,BELFORD ROXO - RJ,RJ,2024-12-06,DC,Duque de Caxias - RJ,Carro,Duque de Caxias,RJ,Sexta,6
65657.62,RENAULT,LOGAN ZEN 1.0,ITAIPU,NITERÓI - RJ,RJ,2024-12-06,NT,Niterói - RJ,Carro,Niterói,RJ,Sexta,6
72093.49,FIAT,ARGO 1.0,CORUMBÁ,NOVA IGUAÇU - RJ,RJ,2024-12-06,DC,Duque de Caxias - RJ,Carro,Duque de Caxias,RJ,Sexta,6
54656.0,RENAULT,KWID ZEN 1.0,VILA NOVA,CABO FRIO - RJ,RJ,2024-12-06,NT,Niterói - RJ,Carro,Niterói,RJ,Sexta,6
87955.41,CHEVROLET,S10  LT FD4,SÃO FRANCISCO XAVIER,RIO DE JANEIRO - RJ,RJ,2024-12-06,IT,Rio de Janeiro - RJ,Carro,Rio de Janeiro,RJ,Sexta,6
54899.96,VOLKSWAGEN,VOYAGE 1.0,PARQUE ESTRELA,DUQUE DE CAXIAS - RJ,RJ,2024-12-06,DC,Duque de Caxias - RJ,Carro,Duque de Caxias,RJ,Sexta,6
52251.57,FIAT,MOBI LIKE FIRE 1.0,METALÚRGICOS,OSASCO - SP,SP,2024-12-06,OS,Osasco - SP,Carro,Osasco,SP,Sexta,6
81900.0,FIAT,CRONOS DRIVE 1.3,MUNDO NOVO,MAGÉ - RJ,RJ,2024-12-07,DC,Duque de Caxias - RJ,Carro,Duque de Caxias,RJ,Sábado,7
79107.55,CITROEN,C3 LIVE PK 1.0,GUARATIBA,RIO DE JANEIRO - RJ,RJ,2024-12-07,CG,Rio de Janeiro - RJ,Carro,Rio de Janeiro,RJ,Sábado,7
80897.12,CHEVROLET,ONIX LT 1.0,FONSECA,NITERÓI - RJ,RJ,2024-12-07,NT,Niterói - RJ,Carro,Niterói,RJ,Sábado,7
39700.0,RENAULT,SANDERO EXPR 10,INGÁ,NITERÓI - RJ,RJ,2024-12-07,NT,Niterói - RJ,Carro,Niterói,RJ,Sábado,7
59249.8,FIAT,MOBI LIKE 1.0 FIRE FLEX 5P.,AGUA FUNDA,SÃO PAULO - SP,SP,2024-12-07,VP,São Paulo - SP,Carro,São Paulo,SP,Sábado,7
64900.0,VOLKSWAGEN,VOYAGE 1.0,RIACHÃO,NOVA IGUAÇU - RJ,RJ,2024-12-07,NI,Nova Iguaçu - RJ,Carro,Nova Iguaçu,RJ,Sábado,7
72700.21,FIAT,ARGO 1.0,PARQUE REAL,BELFORD ROXO - RJ,RJ,2024-12-07,DC,Duque de Caxias - RJ,Carro,Duque de Caxias,RJ,Sábado,7
76000.31,FIAT,CRONOS DRIVE 1.0,LEME,RIO DE JANEIRO - RJ,RJ,2024-12-07,NT,Niterói - RJ,Carro,Niterói,RJ,Sábado,7
60165.62,RENAULT,LOGAN LIFE 1.0,DELAMARE,JAPERI - RJ,RJ,2024-12-07,NI,Nova Iguaçu - RJ,Carro,Nova Iguaçu,RJ,Sábado,7
53900.0,FIAT,MOBI LIKE 1.0 FIRE,BENTO RIBEIRO,RIO DE JANEIRO - RJ,RJ,2024-12-07,IT,Rio de Janeiro - RJ,Carro,Rio de Janeiro,RJ,Sábado,7
103377.7,NISSAN,KICKS ADVANCE 1.6 AT,ITAPEBA,MARICÁ - RJ,RJ,2024-12-07,NT,Niterói - RJ,Carro,Niterói,RJ,Sábado,7
53738.4,FIAT,STRADA WORKING 1.4  FIRE,SAMPAIO,RIO DE JANEIRO - RJ,RJ,2024-12-07,IT,Rio de Janeiro - RJ,Carro,Rio de Janeiro,RJ,Sábado,7
85135.6,TOYOTA,COROLLA XEI20FLEX,ESPERANÇA,ITABORAÍ - RJ,RJ,2024-12-08,NT,Niterói - RJ,Carro,Niterói,RJ,Domingo,8
57046.71,FORD,ECOSPORT FSL 1.6,GRAMAME,JOÃO PESSOA - PB,PB,2024-12-08,NI,Nova Iguaçu - RJ,Carro,Nova Iguaçu,RJ,Domingo,8
42658.13,TOYOTA,ETIOS HB XLS,TENENTE JARDIM,NITERÓI - RJ,RJ,2024-12-08,NT,Niterói - RJ,Carro,Niterói,RJ,Domingo,8
65278.69,PEUGEOT,208 LIKE PACK 1.6,INHAÚMA,RIO DE JANEIRO - RJ,RJ,2024-12-08,IT,Rio de Janeiro - RJ,Carro,Rio de Janeiro,RJ,Domingo,8
47857.8,RENAULT,LOGAN LIFE10MT,VICENTE DE CARVALHO,RIO DE JANEIRO - RJ,RJ,2024-12-08,IT,Rio de Janeiro - RJ,Carro,Rio de Janeiro,RJ,Domingo,8
75009.27,FIAT,CRONOS DRIVE 1.3,BERNARDO KELNER,RIO DE JANEIRO - RJ,RJ,2024-12-08,NI,Nova Iguaçu - RJ,Carro,Nova Iguaçu,RJ,Domingo,8
66026.08,RENAULT,LOGAN LIFE 1.0,PARQUE URUGUAIANA,DUQUE DE CAXIAS - RJ,RJ,2024-12-08,DC,Duque de Caxias - RJ,Carro,Duque de Caxias,RJ,Domingo,8
62527.29,RENAULT,LOGAN ZEN 1.0,CAMPO GRANDE,RIO DE JANEIRO - RJ,RJ,2024-12-09,CG,Rio de Janeiro - RJ,Carro,Rio de Janeiro,RJ,Segunda,9
73535.79,CHEVROLET,ONIX PLUS LT 1.0,CIDADE IPAVA,SÃO PAULO - SP,SP,2024-12-09,OS,Osasco - SP,Carro,Osasco,SP,Segunda,9
49000.0,FIAT,MOBI LIKE FIRE 1.0,JARDIM ESTER,SÃO PAULO - SP,SP,2024-12-09,OS,Osasco - SP,Carro,Osasco,SP,Segunda,9
66000.0,FIAT,ARGO 1.0,BRAZ DE PINA,RIO DE JANEIRO - RJ,RJ,2024-12-09,DC,Duque de Caxias - RJ,Carro,Duque de Caxias,RJ,Segunda,9
66022.34,HYUNDAI,HB20 SENSE 1.0,COSMOS,RIO DE JANEIRO - RJ,RJ,2024-12-09,CG,Rio de Janeiro - RJ,Carro,Rio de Janeiro,RJ,Segunda,9
49900.0,FIAT,MOBI EASY 1.0,SAMPAIO,RIO DE JANEIRO - RJ,RJ,2024-12-09,DC,Duque de Caxias - RJ,Carro,Duque de Caxias,RJ,Segunda,9
58900.0,VOLKSWAGEN,GOL 1.0L MC4,PARQUE SAYONARA (VILA INHOMIRIM),MAGÉ - RJ,RJ,2024-12-09,DC,Duque de Caxias - RJ,Carro,Duque de Caxias,RJ,Segunda,9
65000.0,FORD,KA SE AT 1.5 SD C,PARQUE SÃO JOÃO,DUQUE DE CAXIAS - RJ,RJ,2024-12-10,DC,Duque de Caxias - RJ,Carro,Duque de Caxias,RJ,Terça,10
65500.39,RENAULT,LOGAN ZEN10MT,JARDIM JASMIM,NOVA IGUAÇU - RJ,RJ,2024-12-10,NI,Nova Iguaçu - RJ,Carro,Nova Iguaçu,RJ,Terça,10
68986.79,FIAT,CRONOS DRIVE 1.0,PACIÊNCIA,RIO DE JANEIRO - RJ,RJ,2024-12-10,NT,Niterói - RJ,Carro,Niterói,RJ,Terça,10
53810.27,FIAT,MOBI LIKE,SANTÍSSIMO,RIO DE JANEIRO - RJ,RJ,2024-12-10,CG,Rio de Janeiro - RJ,Carro,Rio de Janeiro,RJ,Terça,10
75369.7,RENAULT,LOGAN ZEN 1.0,CATIBAU PEQUENO,RIO BONITO - RJ,RJ,2024-12-10,NT,Niterói - RJ,Carro,Niterói,RJ,Terça,10
49250.0,PEUGEOT,208,PECHINCHA,RIO DE JANEIRO - RJ,RJ,2024-12-10,IT,Rio de Janeiro - RJ,Carro,Rio de Janeiro,RJ,Terça,10
79561.3,FIAT,CRONOS 1.3,SANTA CRUZ,RIO DE JANEIRO - RJ,RJ,2024-12-10,CG,Rio de Janeiro - RJ,Carro,Rio de Janeiro,RJ,Terça,10
29000.0,FIAT,SIENA FIRE FLEX,JARDIM PRIMAVERA,DUQUE DE CAXIAS - RJ,RJ,2024-12-10,DC,Duque de Caxias - RJ,Carro,Duque de Caxias,RJ,Terça,10
29477.0,FIAT,PALIO FIRE,SENADOR CAMARÁ,RIO DE JANEIRO - RJ,RJ,2024-12-10,CG,Rio de Janeiro - RJ,Carro,Rio de Janeiro,RJ,Terça,10
55039.14,FIAT,GRAND SIENA 1.0 EVO,LIBERDADE,SÃO PAULO - SP,SP,2024-12-10,VP,São Paulo - SP,Carro,São Paulo,SP,Terça,10
65864.44,FIAT,STRADA WORKING 1.4  FIRE,ENGENHO DO MATO,NITERÓI - RJ,RJ,2024-12-11,NT,Niterói - RJ,Carro,Niterói,RJ,Quarta,11
61507.01,FIAT,STRADA WORKING 1.4  FIRE,SPAR (INOÃ),MARICÁ - RJ,RJ,2024-12-11,NT,Niterói - RJ,Carro,Niterói,RJ,Quarta,11
62543.24,FIAT,STRADA WORKING 1.4  FIRE,ENGENHO DO MATO,NITERÓI - RJ,RJ,2024-12-11,NT,Niterói - RJ,Carro,Niterói,RJ,Quarta,11
60827.76,FIAT,STRADA WORKING 1.4  FIRE,ENGENHO DO MATO,NITERÓI - RJ,RJ,2024-12-11,NT,Niterói - RJ,Carro,Niterói,RJ,Quarta,11
50000.0,FIAT,MOBI LIKE 1.0 FIRE,RAMOS,RIO DE JANEIRO - RJ,RJ,2024-12-11,IT,Rio de Janeiro - RJ,Carro,Rio de Janeiro,RJ,Quarta,11
53758.96,RENAULT,SANDERO EXPR 10,VILA MERITI,DUQUE DE CAXIAS - RJ,RJ,2024-12-11,DC,Duque de Caxias - RJ,Carro,Duque de Caxias,RJ,Quarta,11
52300.0,FIAT,MOBI LIKE,JARDIM SANTA BÁRBARA,SÃO PAULO - SP,SP,2024-12-11,VP,São Paulo - SP,Carro,São Paulo,SP,Quarta,11
54586.55,VOLKSWAGEN,GOL 1.0L MC4,QUINTINO,RIO DE JANEIRO - RJ,RJ,2024-12-11,IT,Rio de Janeiro - RJ,Carro,Rio de Janeiro,RJ,Quarta,11
81016.65,FIAT,CRONOS DRIVE 1.0,PEDRA LISA,JAPERI - RJ,RJ,2024-12-11,NI,Nova Iguaçu - RJ,Carro,Nova Iguaçu,RJ,Quarta,11
63649.71,VOLKSWAGEN,VOYAGE MPI,CENTRO,NILÓPOLIS - RJ,RJ,2024-12-11,IT,Rio de Janeiro - RJ,Carro,Rio de Janeiro,RJ,Quarta,11
47181.6,RENAULT,KWID ZEN 10MT,JACUTINGA,MESQUITA - RJ,RJ,2024-12-11,NI,Nova Iguaçu - RJ,Carro,Nova Iguaçu,RJ,Quarta,11
75000.0,CHEVROLET,ONIX PLUS 10TAT LTZ,CENTRO,NILÓPOLIS - RJ,RJ,2024-12-11,NI,Nova Iguaçu - RJ,Carro,Nova Iguaçu,RJ,Quarta,11
64776.22,RENAULT,LOGAN LIFE10MT,JARDIM OLAVO BILAC,SÃO JOÃO DE MERITI - RJ,RJ,2024-12-11,DC,Duque de Caxias - RJ,Carro,Duque de Caxias,RJ,Quarta,11
25335.84,FIAT,PUNTO ELX 1.4,JARDIM DA POSSE,NOVA IGUAÇU - RJ,RJ,2024-12-11,NI,Nova Iguaçu - RJ,Carro,Nova Iguaçu,RJ,Quarta,11
61028.2,FIAT,ARGO 1.0,JARDIM ROBERTO,OSASCO - SP,SP,2024-12-12,OS,Osasco - SP,Carro,Osasco,SP,Quinta,12
78252.04,FORD,ECOSPORT TIT2AT 1.5,RANCHO NOVO,NOVA IGUAÇU - RJ,RJ,2024-12-12,NI,Nova Iguaçu - RJ,Carro,Nova Iguaçu,RJ,Quinta,12
62000.0,FIAT,ARGO 1.0,VILAR DOS TELES,SÃO JOÃO DE MERITI - RJ,RJ,2024-12-12,DC,Duque de Caxias - RJ,Carro,Duque de Caxias,RJ,Quinta,12
74540.0,FIAT,CRONOS DRIVE 1.0,PORTO NOVO,SÃO GONÇALO - RJ,RJ,2024-12-12,NT,Niterói - RJ,Carro,Niterói,RJ,Quinta,12
21233.37,FIAT,PALIO FIRE FLEX,PENHA,RIO DE JANEIRO - RJ,RJ,2024-12-12,DC,Duque de Caxias - RJ,Carro,Duque de Caxias,RJ,Quinta,12
54500.0,VOLKSWAGEN,GOL 1.0,PADRE MIGUEL,RIO DE JANEIRO - RJ,RJ,2024-12-12,IT,Rio de Janeiro - RJ,Carro,Rio de Janeiro,RJ,Quinta,12
43000.0,FIAT,STRADA WORKING 1.4  FIRE,SEPETIBA,RIO DE JANEIRO - RJ,RJ,2024-12-12,CG,Rio de Janeiro - RJ,Carro,Rio de Janeiro,RJ,Quinta,12
39000.0,FIAT,IDEA ATTRACTIVE 1.4,COELHO NETO,RIO DE JANEIRO - RJ,RJ,2024-12-13,IT,Rio de Janeiro - RJ,Carro,Rio de Janeiro,RJ,Sexta,13
24119.52,FIAT,PALIO FIRE ECONOMY,MARIA LUIZA,SÃO PAULO - SP,SP,2024-12-13,VP,São Paulo - SP,Carro,São Paulo,SP,Sexta,13
48148.62,CHEVROLET,COBALT 1.8 LTZ,ASSUNÇÃO,SÃO BERNARDO DO CAMPO - SP,SP,2024-12-13,VP,São Paulo - SP,Carro,São Paulo,SP,Sexta,13
54266.3,VOLKSWAGEN,GOL 1.0,CONCEIÇÃO,OSASCO - SP,SP,2024-12-13,VP,São Paulo - SP,Carro,São Paulo,SP,Sexta,13
73016.29,VOLKSWAGEN,POLO TRACK 1.0,JARDIM GRAMACHO,DUQUE DE CAXIAS - RJ,RJ,2024-12-13,DC,Duque de Caxias - RJ,Carro,Duque de Caxias,RJ,Sexta,13
57199.4,FIAT,MOBI LIKE 1.0 FIRE,SANTA CRUZ,RIO DE JANEIRO - RJ,RJ,2024-12-13,CG,Rio de Janeiro - RJ,Carro,Rio de Janeiro,RJ,Sexta,13
45963.2,VOLKSWAGEN,POLO SEDAN 1.6 COMFOR,PROFESSOR SOUZA,CASIMIRO DE ABREU - RJ,RJ,2024-12-13,NT,Niterói - RJ,Carro,Niterói,RJ,Sexta,13
51071.0,FIAT,MOBI LIKE,CAMPO GRANDE,RIO DE JANEIRO - RJ,RJ,2024-12-13,CG,Rio de Janeiro - RJ,Carro,Rio de Janeiro,RJ,Sexta,13
55001.0,VOLKSWAGEN,GOL 1.0,XERÉM,DUQUE DE CAXIAS - RJ,RJ,2024-12-13,DC,Duque de Caxias - RJ,Carro,Duque de Caxias,RJ,Sexta,13
59910.0,FIAT,ARGO DRIVE 1.0,BOA VISTA,SÃO GONÇALO - RJ,RJ,2024-12-13,NT,Niterói - RJ,Carro,Niterói,RJ,Sexta,13
56026.63,FIAT,UNO ATTRACTIVE 1.0,GUARATIBA,RIO DE JANEIRO - RJ,RJ,2024-12-14,CG,Rio de Janeiro - RJ,Carro,Rio de Janeiro,RJ,Sábado,14
60180.18,RENAULT,LOGAN ZEN10MT,QUITANDINHA,PETRÓPOLIS - RJ,RJ,2024-12-14,DC,Duque de Caxias - RJ,Carro,Duque de Caxias,RJ,Sábado,14
65412.14,FIAT,STRADA WORKING 1.4  FIRE,VIGÁRIO GERAL,RIO DE JANEIRO - RJ,RJ,2024-12-14,DC,Duque de Caxias - RJ,Carro,Duque de Caxias,RJ,Sábado,14
95486.02,CITROEN,C4 CACTUS FEEL 1.6 AT,CAMPO GRANDE,RIO DE JANEIRO - RJ,RJ,2024-12-14,CG,Rio de Janeiro - RJ,Carro,Rio de Janeiro,RJ,Sábado,14
12000.0,YAMAHA,NEO,BABI,BELFORD ROXO - RJ,RJ,2024-12-14,NI,Nova Iguaçu - RJ,Moto,Nova Iguaçu,RJ,Sábado,14
50155.41,FIAT,MOBI LIKE 1.0,VICENTE DE CARVALHO,RIO DE JANEIRO - RJ,RJ,2024-12-14,DC,Duque de Caxias - RJ,Carro,Duque de Caxias,RJ,Sábado,14
54023.02,VOLKSWAGEN,GOL 1.0,BENTO RIBEIRO,RIO DE JANEIRO - RJ,RJ,2024-12-14,IT,Rio de Janeiro - RJ,Carro,Rio de Janeiro,RJ,Sábado,14
32000.0,RENAULT,DUSTER 20 D 4X2A,GUADALUPE,RIO DE JANEIRO - RJ,RJ,2024-12-14,IT,Rio de Janeiro - RJ,Carro,Rio de Janeiro,RJ,Sábado,14
76501.0,PEUGEOT,208 ACTIVE AT1,VILA RESIDENCIAL DE MAMBUCABA,PARATY - RJ,RJ,2024-12-14,NT,Niterói - RJ,Carro,Niterói,RJ,Sábado,14
62539.43,RENAULT,LOGAN LIFE10MT,JARDIM METRÓPOLE,SÃO JOÃO DE MERITI - RJ,RJ,2024-12-14,DC,Duque de Caxias - RJ,Carro,Duque de Caxias,RJ,Sábado,14
81000.0,CHEVROLET,ONIX PLUS 10TAT PR2,JARDIM ANA ESTELA,CARAPICUÍBA - SP,SP,2024-12-14,OS,Osasco - SP,Carro,Osasco,SP,Sábado,14
44980.0,RENAULT,KWID ZEN 1.0,JARDIM SUMARÉ,SÃO JOÃO DE MERITI - RJ,RJ,2024-12-14,DC,Duque de Caxias - RJ,Carro,Duque de Caxias,RJ,Sábado,14
58500.0,VOLKSWAGEN,GOL 1.0,MAGALHÃES BASTOS,RIO DE JANEIRO - RJ,RJ,2024-12-14,IT,Rio de Janeiro - RJ,Carro,Rio de Janeiro,RJ,Sábado,14
80900.0,CITROEN,C4 CACTUS FEEL 1.6 AT,BALNEÁRIO BAMBUÍ (PONTA NEGRA),MARICÁ - RJ,RJ,2024-12-14,NT,Niterói - RJ,Carro,Niterói,RJ,Sábado,14
46372.73,FIAT,MOBI EASY 1.0,VILA SÃO JOSÉ (IPIRANGA),SÃO PAULO - SP,SP,2024-12-14,VP,São Paulo - SP,Carro,São Paulo,SP,Sábado,14
65000.0,HYUNDAI,HB20 10M VISION,JARDIM ALVORADA,NOVA IGUAÇU - RJ,RJ,2024-12-14,NI,Nova Iguaçu - RJ,Carro,Nova Iguaçu,RJ,Sábado,14
51898.7,VOLKSWAGEN,GOL 1.0L MC4,CAMPO GRANDE,RIO DE JANEIRO - RJ,RJ,2024-12-14,NI,Nova Iguaçu - RJ,Carro,Nova Iguaçu,RJ,Sábado,14
18356.93,YAMAHA,XTZ150 CROSSER S,VALE DO IPÊ,BELFORD ROXO - RJ,RJ,2024-12-14,DC,Duque de Caxias - RJ,Moto,Duque de Caxias,RJ,Sábado,14
63713.6,FIAT,ARGO 1.0,CENTRO,NILÓPOLIS - RJ,RJ,2024-12-14,NI,Nova Iguaçu - RJ,Carro,Nova Iguaçu,RJ,Sábado,14
52671.0,FIAT,MOBI LIKE 1.0,VILA MOGILAR,MOGI DAS CRUZES - SP,SP,2024-12-14,VP,São Paulo - SP,Carro,São Paulo,SP,Sábado,14
64231.55,RENAULT,LOGAN ZEN 1.0,VELOSO,OSASCO - SP,SP,2024-12-14,OS,Osasco - SP,Carro,Osasco,SP,Sábado,14
36561.0,FORD,FIESTA HA 1.5L SE,JARDIM ANA ESTELA,CARAPICUÍBA - SP,SP,2024-12-14,OS,Osasco - SP,Carro,Osasco,SP,Sábado,14
58650.0,RENAULT,LOGAN ZEN10MT,IMBARIÊ,DUQUE DE CAXIAS - RJ,RJ,2024-12-14,DC,Duque de Caxias - RJ,Carro,Duque de Caxias,RJ,Sábado,14
45155.41,FIAT,MOBI EASY 1.0,VISTA ALEGRE,SÃO GONÇALO - RJ,RJ,2024-12-14,NT,Niterói - RJ,Carro,Niterói,RJ,Sábado,14
55554.81,VOLKSWAGEN,GOL 1.0L MC4,AMBAÍ,NOVA IGUAÇU - RJ,RJ,2024-12-15,NI,Nova Iguaçu - RJ,Carro,Nova Iguaçu,RJ,Domingo,15
52042.38,FIAT,MOBI LIKE 1.0 FIRE,JARDIM AMÉRICA DA PENHA,SÃO PAULO - SP,SP,2024-12-15,VP,São Paulo - SP,Carro,São Paulo,SP,Domingo,15
73000.0,CHEVROLET,ONIX LT 1.0,JARDIM SANTA ADELIA,SÃO PAULO - SP,SP,2024-12-15,VP,São Paulo - SP,Carro,São Paulo,SP,Domingo,15
62766.99,PEUGEOT,208 LIKE PACK 1.6,CAMPO GRANDE,RIO DE JANEIRO - RJ,RJ,2024-12-15,CG,Rio de Janeiro - RJ,Carro,Rio de Janeiro,RJ,Domingo,15
47809.6,VOLKSWAGEN,NOVO VOYAGE TL MBV,PACIÊNCIA,RIO DE JANEIRO - RJ,RJ,2024-12-15,CG,Rio de Janeiro - RJ,Carro,Rio de Janeiro,RJ,Domingo,15
52600.0,FIAT,MOBI LIKE,SÃO JOSÉ,BELFORD ROXO - RJ,RJ,2024-12-15,DC,Duque de Caxias - RJ,Carro,Duque de Caxias,RJ,Domingo,15
54800.0,FIAT,ARGO DRIVE 1.0,VILA SANTA ALICE,DUQUE DE CAXIAS - RJ,RJ,2024-12-15,DC,Duque de Caxias - RJ,Carro,Duque de Caxias,RJ,Domingo,15
58135.87,VOLKSWAGEN,VOYAGE 1.0,JARDIM GRAMACHO,DUQUE DE CAXIAS - RJ,RJ,2024-12-16,DC,Duque de Caxias - RJ,Carro,Duque de Caxias,RJ,Segunda,16
21860.89,PEUGEOT,207HB XR,GOIABAL,BARRA MANSA - RJ,RJ,2024-12-16,BM,Barra Mansa - RJ,Carro,Barra Mansa,RJ,Segunda,16
50847.29,FIAT,MOBI LIKE 1.0,VILA RÉ,SÃO PAULO - SP,SP,2024-12-16,VP,São Paulo - SP,Carro,São Paulo,SP,Segunda,16
93456.79,CAOA CHERY,TIGGO 3X PRO TB 1.0 AT,VILA NOVA (SURUÍ),MAGÉ - RJ,RJ,2024-12-16,DC,Duque de Caxias - RJ,Carro,Duque de Caxias,RJ,Segunda,16
70000.0,FIAT,CRONOS DRIVE 1.0,OURO VERDE,NOVA IGUAÇU - RJ,RJ,2024-12-16,NI,Nova Iguaçu - RJ,Carro,Nova Iguaçu,RJ,Segunda,16
29910.0,JAC,J6 2.0 DIAMOND 7S,CORUMBÁ,NOVA IGUAÇU - RJ,RJ,2024-12-16,DC,Duque de Caxias - RJ,Carro,Duque de Caxias,RJ,Segunda,16
75835.79,FIAT,CRONOS 1.3,VILA YOLANDA,OSASCO - SP,SP,2024-12-16,OS,Osasco - SP,Carro,Osasco,SP,Segunda,16
72000.0,FIAT,CRONOS DRIVE 1.0,VILA TIRADENTES,SÃO JOÃO DE MERITI - RJ,RJ,2024-12-16,NI,Nova Iguaçu - RJ,Carro,Nova Iguaçu,RJ,Segunda,16
75375.13,FIAT,FIAT CRONOS DRIVE 1.0,VILA LEOPOLDINA,DUQUE DE CAXIAS - RJ,RJ,2024-12-16,DC,Duque de Caxias - RJ,Carro,Duque de Caxias,RJ,Segunda,16
86340.0,CITROEN,C4 CACTUS FEEL PACK 1.6 AT,PEDRA DE GUARATIBA,RIO DE JANEIRO - RJ,RJ,2024-12-16,IT,Rio de Janeiro - RJ,Carro,Rio de Janeiro,RJ,Segunda,16
27156.16,VOLKSWAGEN,POLO SEDAN 1.6,VILA MENCK,OSASCO - SP,SP,2024-12-16,OS,Osasco - SP,Carro,Osasco,SP,Segunda,16
74958.23,FIAT,CRONOS DRIVE 1.0,CHÁCARAS ARCAMPO,DUQUE DE CAXIAS - RJ,RJ,2024-12-16,NT,Niterói - RJ,Carro,Niterói,RJ,Segunda,16
65724.8,RENAULT,LOGAN ZEN10MT,SANTA CRUZ,RIO DE JANEIRO - RJ,RJ,2024-12-17,CG,Rio de Janeiro - RJ,Carro,Rio de Janeiro,RJ,Terça,17
78170.67,FIAT,CRONOS 1.3,KM 32,NOVA IGUAÇU - RJ,RJ,2024-12-17,CG,Rio de Janeiro - RJ,Carro,Rio de Janeiro,RJ,Terça,17
57900.0,FIAT,MOBI LIKE,CABUIS,NILÓPOLIS - RJ,RJ,2024-12-17,NI,Nova Iguaçu - RJ,Carro,Nova Iguaçu,RJ,Terça,17
67000.0,RENAULT,LOGAN ZEN10MT,GUADALUPE,RIO DE JANEIRO - RJ,RJ,2024-12-17,IT,Rio de Janeiro - RJ,Carro,Rio de Janeiro,RJ,Terça,17
72401.0,PEUGEOT,208 ACTIVE AT1,MIGUEL COUTO,NOVA IGUAÇU - RJ,RJ,2024-12-17,NI,Nova Iguaçu - RJ,Carro,Nova Iguaçu,RJ,Terça,17
58200.0,FIAT,MOBI LIKE 1.0 FIRE,JARDIM PEDRA BRANCA,SÃO PAULO - SP,SP,2024-12-17,VP,São Paulo - SP,Carro,São Paulo,SP,Terça,17
58706.87,PEUGEOT,208 LIKE MT,CHACRINHA,DUQUE DE CAXIAS - RJ,RJ,2024-12-17,DC,Duque de Caxias - RJ,Carro,Duque de Caxias,RJ,Terça,17
59972.62,FIAT,ARGO 1.0,ITANHANGÁ,RIO DE JANEIRO - RJ,RJ,2024-12-17,IT,Rio de Janeiro - RJ,Carro,Rio de Janeiro,RJ,Terça,17
75258.92,CHEVROLET,ONIX PLUS 10MT LT2,RETIRO,VOLTA REDONDA - RJ,RJ,2024-12-17,BM,Barra Mansa - RJ,Carro,Barra Mansa,RJ,Terça,17
41205.82,FORD,KA SE 1.0 SD B,CONDADO DE MARICÁ,MARICÁ - RJ,RJ,2024-12-17,NT,Niterói - RJ,Carro,Niterói,RJ,Terça,17
48370.79,FIAT,MOBI LIKE,CONJUNTO HABITACIONAL PRESIDENTE CASTELO BRANCO,CARAPICUÍBA - SP,SP,2024-12-18,OS,Osasco - SP,Carro,Osasco,SP,Quarta,18
88077.46,CITROEN,C4CACTUS FEEL AT,FLAMENGO,MARICÁ - RJ,RJ,2024-12-18,NT,Niterói - RJ,Carro,Niterói,RJ,Quarta,18
57273.79,FIAT,ARGO DRIVE 1.0,CIDADE PATRIARCA,SÃO PAULO - SP,SP,2024-12-18,VP,São Paulo - SP,Carro,São Paulo,SP,Quarta,18
58987.6,RENAULT,LOGAN ZEN 1.0,HIGIENÓPOLIS,RIO DE JANEIRO - RJ,RJ,2024-12-18,DC,Duque de Caxias - RJ,Carro,Duque de Caxias,RJ,Quarta,18
69000.0,FIAT,ARGO 1.0,JARDIM NOVA VIDA,COTIA - SP,SP,2024-12-18,OS,Osasco - SP,Carro,Osasco,SP,Quarta,18
51000.0,FIAT,MOBI LIKE 1.0,MADUREIRA,RIO DE JANEIRO - RJ,RJ,2024-12-18,IT,Rio de Janeiro - RJ,Carro,Rio de Janeiro,RJ,Quarta,18
17550.0,FORD,KA FLEX,ROMA,VOLTA REDONDA - RJ,RJ,2024-12-18,BM,Barra Mansa - RJ,Carro,Barra Mansa,RJ,Quarta,18
45700.0,FIAT,MOBI EASY 1.0,VILA RUI BARBOSA,SÃO PAULO - SP,SP,2024-12-18,VP,São Paulo - SP,Carro,São Paulo,SP,Quarta,18
66649.0,CHEVROLET,ONIX LT 1.0,SARACURUNA,DUQUE DE CAXIAS - RJ,RJ,2024-12-18,DC,Duque de Caxias - RJ,Carro,Duque de Caxias,RJ,Quarta,18
58000.0,FORD,KA 1.5 SEDAN SE PLUS 12V FLEX 4P AUT.,CIRCULAR,DUQUE DE CAXIAS - RJ,RJ,2024-12-19,DC,Duque de Caxias - RJ,Carro,Duque de Caxias,RJ,Quinta,19
73390.0,FIAT,CRONOS DRIVE 1.0,LAGOMAR,MACAÉ - RJ,RJ,2024-12-19,NT,Niterói - RJ,Carro,Niterói,RJ,Quinta,19
37196.1,FIAT,UNO ATTRACTIVE 1.0,CAMPOS ELISEOS,SÃO PAULO - SP,SP,2024-12-19,MT,Rio de Janeiro - RJ,Carro,Rio de Janeiro,RJ,Quinta,19
48958.0,FIAT,MOBI EASY 1.0,JARDIM GUANDU,NOVA IGUAÇU - RJ,RJ,2024-12-19,CG,Rio de Janeiro - RJ,Carro,Rio de Janeiro,RJ,Quinta,19
61617.0,RENAULT,LOGAN ZEN10MT,PIABAS,QUEIMADOS - RJ,RJ,2024-12-19,NI,Nova Iguaçu - RJ,Carro,Nova Iguaçu,RJ,Quinta,19
45000.0,FIAT,UNO ATTRACTIVE 1.0 FIRE,SÃO CRISTÓVÃO,RIO DE JANEIRO - RJ,RJ,2024-12-19,DC,Duque de Caxias - RJ,Carro,Duque de Caxias,RJ,Quinta,19
63350.54,RENAULT,LOGAN ZEN10MT,PACIÊNCIA,RIO DE JANEIRO - RJ,RJ,2024-12-19,CG,Rio de Janeiro - RJ,Carro,Rio de Janeiro,RJ,Quinta,19
74240.94,PEUGEOT,2008 ALLURE ESSENCIAL 1.6 AT,VILA NOVA,MAGÉ - RJ,RJ,2024-12-19,DC,Duque de Caxias - RJ,Carro,Duque de Caxias,RJ,Quinta,19
55000.0,VOLKSWAGEN,SAVEIRO ROBUST 1.6,JARDIM GRAMACHO,DUQUE DE CAXIAS - RJ,RJ,2024-12-19,DC,Duque de Caxias - RJ,Carro,Duque de Caxias,RJ,Quinta,19
113852.7,JEEP,RENEGADE LGTD T270,BENFICA,RIO DE JANEIRO - RJ,RJ,2024-12-20,DC,Duque de Caxias - RJ,Carro,Duque de Caxias,RJ,Sexta,20
57372.84,FIAT,STRADA WORKING 1.4  FIRE,PIAM,BELFORD ROXO - RJ,RJ,2024-12-20,DC,Duque de Caxias - RJ,Carro,Duque de Caxias,RJ,Sexta,20
52932.34,RENAULT,KWID ZEN 1.0,CAMPO GRANDE,RIO DE JANEIRO - RJ,RJ,2024-12-20,CG,Rio de Janeiro - RJ,Carro,Rio de Janeiro,RJ,Sexta,20
56177.27,VOLKSWAGEN,GOL,CAMPO GRANDE,RIO DE JANEIRO - RJ,RJ,2024-12-20,CG,Rio de Janeiro - RJ,Carro,Rio de Janeiro,RJ,Sexta,20
61810.34,PEUGEOT,208 LIKE PACK 1.6,VILA EMA,SÃO PAULO - SP,SP,2024-12-20,VP,São Paulo - SP,Carro,São Paulo,SP,Sexta,20
57434.52,VOLKSWAGEN,VOYAGE 1.0,OLARIA,RIO DE JANEIRO - RJ,RJ,2024-12-20,DC,Duque de Caxias - RJ,Carro,Duque de Caxias,RJ,Sexta,20
53050.39,FIAT,MOBI LIKE 1.0,PILARES,RIO DE JANEIRO - RJ,RJ,2024-12-20,IT,Rio de Janeiro - RJ,Carro,Rio de Janeiro,RJ,Sexta,20
54106.2,FIAT,MOBI EASY 1.0,RIO D'OURO,JAPERI - RJ,RJ,2024-12-20,NI,Nova Iguaçu - RJ,Carro,Nova Iguaçu,RJ,Sexta,20
34957.13,FORD,KA SE 1.0 SD,JARDIM SULACAP,RIO DE JANEIRO - RJ,RJ,2024-12-20,IT,Rio de Janeiro - RJ,Carro,Rio de Janeiro,RJ,Sexta,20
48700.0,HYUNDAI,HB20S,PECHINCHA,RIO DE JANEIRO - RJ,RJ,2024-12-20,DC,Duque de Caxias - RJ,Carro,Duque de Caxias,RJ,Sexta,20
89545.61,JEEP,RENEGADE LONGITUDE 1.8 AT,VILAGE,PORTO REAL - RJ,RJ,2024-12-21,BM,Barra Mansa - RJ,Carro,Barra Mansa,RJ,Sábado,21
43639.19,FIAT,IDEA ATTRACTIVE 1.4,CAMPO ALEGRE,QUEIMADOS - RJ,RJ,2024-12-21,NI,Nova Iguaçu - RJ,Carro,Nova Iguaçu,RJ,Sábado,21
76000.0,CHEVROLET,ONIX PLUS LT 1.0,OLARIA,RIO DE JANEIRO - RJ,RJ,2024-12-21,DC,Duque de Caxias - RJ,Carro,Duque de Caxias,RJ,Sábado,21
57910.0,RENAULT,LOGAN ZEN10MT,BAIRRO DO ENGENHO,ITATIBA - SP,SP,2024-12-21,NI,Nova Iguaçu - RJ,Carro,Nova Iguaçu,RJ,Sábado,21
61107.03,FIAT,ARGO DRIVE 1.0,AREIA BRANCA,BELFORD ROXO - RJ,RJ,2024-12-21,NI,Nova Iguaçu - RJ,Carro,Nova Iguaçu,RJ,Sábado,21
45123.34,RENAULT,DUSTER 20 D 4X2A,JACAREPAGUÁ,RIO DE JANEIRO - RJ,RJ,2024-12-21,IT,Rio de Janeiro - RJ,Carro,Rio de Janeiro,RJ,Sábado,21
72000.0,FIAT,CRONOS DRIVE 1.0,ÁGUA SANTA,RIO DE JANEIRO - RJ,RJ,2024-12-21,NT,Niterói - RJ,Carro,Niterói,RJ,Sábado,21
49000.0,FIAT,MOBI LIKE 1.0,JARDIM GUANDU,NOVA IGUAÇU - RJ,RJ,2024-12-21,CG,Rio de Janeiro - RJ,Carro,Rio de Janeiro,RJ,Sábado,21
57200.0,FIAT,ARGO 1.0,NOVA CAMPINAS,DUQUE DE CAXIAS - RJ,RJ,2024-12-21,DC,Duque de Caxias - RJ,Carro,Duque de Caxias,RJ,Sábado,21
55350.0,VOLKSWAGEN,SAVEIRO ROBUST 1.6,PERUIBE,PERUÍBE - SP,SP,2024-12-21,OS,Osasco - SP,Carro,Osasco,SP,Sábado,21
71204.77,CITROEN,C3 FEEL 1.0,SANTÍSSIMO,RIO DE JANEIRO - RJ,RJ,2024-12-21,NI,Nova Iguaçu - RJ,Carro,Nova Iguaçu,RJ,Sábado,21
71388.8,HYUNDAI,HB20 VISION 1.6 AT.,FREGUESIA (JACAREPAGUÁ),RIO DE JANEIRO - RJ,RJ,2024-12-21,IT,Rio de Janeiro - RJ,Carro,Rio de Janeiro,RJ,Sábado,21
66000.0,FIAT,ARGO 1.0,BARRA OLÍMPICA,RIO DE JANEIRO - RJ,RJ,2024-12-21,IT,Rio de Janeiro - RJ,Carro,Rio de Janeiro,RJ,Sábado,21
74192.14,FIAT,CRONOS DRIVE 1.0,VILA SÃO LUÍS,DUQUE DE CAXIAS - RJ,RJ,2024-12-21,DC,Duque de Caxias - RJ,Carro,Duque de Caxias,RJ,Sábado,21
60000.0,FIAT,SIENA 1.0,BONSUCESSO,RIO DE JANEIRO - RJ,RJ,2024-12-22,DC,Duque de Caxias - RJ,Carro,Duque de Caxias,RJ,Domingo,22
68403.12,FIAT,ARGO 1.0,JARDIM ALVORADA,NOVA IGUAÇU - RJ,RJ,2024-12-22,NI,Nova Iguaçu - RJ,Carro,Nova Iguaçu,RJ,Domingo,22
55349.86,FIAT,MOBI LIKE 1.0,PENDOTIBA,NITERÓI - RJ,RJ,2024-12-22,NT,Niterói - RJ,Carro,Niterói,RJ,Domingo,22
29186.47,NISSAN,SENTRA 20S FLEX,VILA SANTA ALICE,DUQUE DE CAXIAS - RJ,RJ,2024-12-22,CG,Rio de Janeiro - RJ,Carro,Rio de Janeiro,RJ,Domingo,22
56400.0,FORD,KA SE 1.0 SD C,CENTRO (CABUÇU),ITABORAÍ - RJ,RJ,2024-12-22,NT,Niterói - RJ,Carro,Niterói,RJ,Domingo,22
46200.0,RENAULT,KWID ZEN 10MT,REALENGO,RIO DE JANEIRO - RJ,RJ,2024-12-22,IT,Rio de Janeiro - RJ,Carro,Rio de Janeiro,RJ,Domingo,22
29701.46,VOLKSWAGEN,GOL 1.0 GIV,CAPIVARI,DUQUE DE CAXIAS - RJ,RJ,2024-12-22,DC,Duque de Caxias - RJ,Carro,Duque de Caxias,RJ,Domingo,22
60000.0,CHEVROLET,ONIX 1.4AT ACT,PARQUE LAFAIETE,DUQUE DE CAXIAS - RJ,RJ,2024-12-22,DC,Duque de Caxias - RJ,Carro,Duque de Caxias,RJ,Domingo,22
72000.0,CHEVROLET,ONIX LT 1.0,BRÁS DE PINA,RIO DE JANEIRO - RJ,RJ,2024-12-22,DC,Duque de Caxias - RJ,Carro,Duque de Caxias,RJ,Domingo,22
65035.79,CHEVROLET,ONIX HATCH LT 1.0 12V TB FLEX 5P AUT.,SÃO FRANCISCO DE ASSIS,BELFORD ROXO - RJ,RJ,2024-12-23,NI,Nova Iguaçu - RJ,Carro,Nova Iguaçu,RJ,Segunda,23
61435.79,VOLKSWAGEN,VOYAGE 1.0,PARQUE ROSEIRA,CARAPICUÍBA - SP,SP,2024-12-23,VP,São Paulo - SP,Carro,São Paulo,SP,Segunda,23
34432.59,VOLKSWAGEN,VOYAGE 1.0,"VILA EMIL,",MESQUITA - RJ,RJ,2024-12-23,NI,Nova Iguaçu - RJ,Carro,Nova Iguaçu,RJ,Segunda,23
21988.32,CHEVROLET,MERIVA JOY,VILA DE CAVA,NOVA IGUAÇU - RJ,RJ,2024-12-23,NI,Nova Iguaçu - RJ,Carro,Nova Iguaçu,RJ,Segunda,23
51965.1,FIAT,MOBI LIKE,MARAMBAIA (MANILHA),ITABORAÍ - RJ,RJ,2024-12-23,NT,Niterói - RJ,Carro,Niterói,RJ,Segunda,23
51134.04,FIAT,MOBI LIKE,SANTA CATARINA,SÃO GONÇALO - RJ,RJ,2024-12-23,NT,Niterói - RJ,Carro,Niterói,RJ,Segunda,23
74152.0,FIAT,CRONOS DRIVE 1.0,JARDIM ANHANGÁ,DUQUE DE CAXIAS - RJ,RJ,2024-12-23,DC,Duque de Caxias - RJ,Carro,Duque de Caxias,RJ,Segunda,23
79856.49,FIAT,CRONOS DRIVE 1.3,VILA PACAEMBU,QUEIMADOS - RJ,RJ,2024-12-23,IT,Rio de Janeiro - RJ,Carro,Rio de Janeiro,RJ,Segunda,23
56614.12,VOLKSWAGEN,VOYAGE 1.0,JARDIM BARRO BRANCO,DUQUE DE CAXIAS - RJ,RJ,2024-12-23,DC,Duque de Caxias - RJ,Carro,Duque de Caxias,RJ,Segunda,23
62292.28,RENAULT,LOGAN ZEN10MT,BALDEADOR,NITERÓI - RJ,RJ,2024-12-23,NT,Niterói - RJ,Carro,Niterói,RJ,Segunda,23
95245.62,CITROEN,C4CACTUS FEEL AT,PIRATININGA,NITERÓI - RJ,RJ,2024-12-23,NT,Niterói - RJ,Carro,Niterói,RJ,Segunda,23
66000.0,RENAULT,DUSTER 20 D 4X2A,VILA INDEPENDÊNCIA,BARRA MANSA - RJ,RJ,2024-12-23,BM,Barra Mansa - RJ,Carro,Barra Mansa,RJ,Segunda,23
53501.28,FIAT,MOBI LIKE,K11,NOVA IGUAÇU - RJ,RJ,2024-12-26,NI,Nova Iguaçu - RJ,Carro,Nova Iguaçu,RJ,Quinta,26
55910.38,RENAULT,KWID ZEN 1.0,BELMONTE,VOLTA REDONDA - RJ,RJ,2024-12-26,BM,Barra Mansa - RJ,Carro,Barra Mansa,RJ,Quinta,26
56040.0,FIAT,SIENA 1.0,PARQUE IMPÉRIO,DUQUE DE CAXIAS - RJ,RJ,2024-12-26,DC,Duque de Caxias - RJ,Carro,Duque de Caxias,RJ,Quinta,26
58199.96,RENAULT,LOGAN ZEN 1.0,JARDIM IMPERADOR (ZONA SUL),SÃO PAULO - SP,SP,2024-12-26,VP,São Paulo - SP,Carro,São Paulo,SP,Quinta,26
65283.89,RENAULT,LOGAN ZEN10MT,CAMBOINHAS,NITERÓI - RJ,RJ,2024-12-26,NT,Niterói - RJ,Carro,Niterói,RJ,Quinta,26
55000.0,FIAT,ARGO DRIVE 1.0,TAUÁ,RIO DE JANEIRO - RJ,RJ,2024-12-26,DC,Duque de Caxias - RJ,Carro,Duque de Caxias,RJ,Quinta,26
76832.51,CHEVROLET,ONIX PLUS LT 1.0,PARQUE BARRETO,SÃO JOÃO DE MERITI - RJ,RJ,2024-12-27,DC,Duque de Caxias - RJ,Carro,Duque de Caxias,RJ,Sexta,27
76000.0,FIAT,CRONOS DRIVE 1.0,ROCHA,SÃO GONÇALO - RJ,RJ,2024-12-27,NT,Niterói - RJ,Carro,Niterói,RJ,Sexta,27
65682.97,FIAT,ARGO 1.0,MARECHAL HERMES,RIO DE JANEIRO - RJ,RJ,2024-12-27,IT,Rio de Janeiro - RJ,Carro,Rio de Janeiro,RJ,Sexta,27
61500.0,FIAT,MOBI LIKE,ITABORK,NITERÓI - RJ,RJ,2024-12-27,NT,Niterói - RJ,Carro,Niterói,RJ,Sexta,27
52000.0,FIAT,MOBI LIKE 1.0,JARDIM PRIMAVERA,DUQUE DE CAXIAS - RJ,RJ,2024-12-27,DC,Duque de Caxias - RJ,Carro,Duque de Caxias,RJ,Sexta,27
45149.51,RENAULT,KWID ZEN 10MT,JARDIM IGUATEMI,SÃO PAULO - SP,SP,2024-12-27,VP,São Paulo - SP,Carro,São Paulo,SP,Sexta,27
59952.4,RENAULT,LOGAN LIFE10MT,VILA SANTA CRUZ,DUQUE DE CAXIAS - RJ,RJ,2024-12-27,DC,Duque de Caxias - RJ,Carro,Duque de Caxias,RJ,Sexta,27
50000.0,RENAULT,KWID ZEN 1.0,ANCHIETA,RIO DE JANEIRO - RJ,RJ,2024-12-27,IT,Rio de Janeiro - RJ,Carro,Rio de Janeiro,RJ,Sexta,27
53663.55,FORD,FIESTA 16SE,JACUBA,JUQUITIBA - SP,SP,2024-12-27,OS,Osasco - SP,Carro,Osasco,SP,Sexta,27
45100.0,RENAULT,KWID  ZEN 10MT,VILA EUTHALIA,SÃO PAULO - SP,SP,2024-12-27,VP,São Paulo - SP,Carro,São Paulo,SP,Sexta,27
59822.25,RENAULT,LOGAN LIFE10MT,JARDIM PRIMAVERA,DUQUE DE CAXIAS - RJ,RJ,2024-12-27,DC,Duque de Caxias - RJ,Carro,Duque de Caxias,RJ,Sexta,27
69034.45,PEUGEOT,208 LIKE MT,TIJUCA,RIO DE JANEIRO - RJ,RJ,2024-12-27,IT,Rio de Janeiro - RJ,Carro,Rio de Janeiro,RJ,Sexta,27
50054.38,FIAT,MOBI LIKE 1.0,GUARATIBA,RIO DE JANEIRO - RJ,RJ,2024-12-27,CG,Rio de Janeiro - RJ,Carro,Rio de Janeiro,RJ,Sexta,27
73000.0,CHEVROLET,ONIX 10MT LT2,BRISA MAR,ITAGUAÍ,RJ,2024-12-27,NI,Nova Iguaçu - RJ,Carro,Nova Iguaçu,RJ,Sexta,27
49138.99,FIAT,STRADA WORKING 1.4  FIRE,HELIÓPOLIS,BELFORD ROXO - RJ,RJ,2024-12-28,NI,Nova Iguaçu - RJ,Carro,Nova Iguaçu,RJ,Sábado,28
50597.8,FIAT,UNO ATTRACTIVE 1.0,JARDIM QUEIMADOS,QUEIMADOS - RJ,RJ,2024-12-28,NI,Nova Iguaçu - RJ,Carro,Nova Iguaçu,RJ,Sábado,28
66235.05,PEUGEOT,208 LIKE PACK 1.6,ALTO DA LAPA,SÃO PAULO - SP,SP,2024-12-28,OS,Osasco - SP,Carro,Osasco,SP,Sábado,28
48684.89,FIAT,MOBI LIKE 1.0,SANTA CRUZ,RIO DE JANEIRO - RJ,RJ,2024-12-28,CG,Rio de Janeiro - RJ,Carro,Rio de Janeiro,RJ,Sábado,28
59899.5,RENAULT,LOGAN LIFE10MT,VIGÁRIO GERAL,RIO DE JANEIRO - RJ,RJ,2024-12-28,DC,Duque de Caxias - RJ,Carro,Duque de Caxias,RJ,Sábado,28
34155.41,FIAT,PALIO FIRE,POÇO ESCURO (SANTO ALEIXO),MAGÉ - RJ,RJ,2024-12-28,DC,Duque de Caxias - RJ,Carro,Duque de Caxias,RJ,Sábado,28
29900.0,FIAT,PUNTO 1.4,CENTRO,SÃO JOÃO DE MERITI - RJ,RJ,2024-12-28,NI,Nova Iguaçu - RJ,Carro,Nova Iguaçu,RJ,Sábado,28
65185.65,PEUGEOT,208 HATCH LIKE 1.6,VILA RICA,IBIÚNA - SP,SP,2024-12-28,OS,Osasco - SP,Carro,Osasco,SP,Sábado,28
67078.65,PEUGEOT,208 LIKE PK MT,PENHA DE FRANÇA,BOM JESUS DOS PERDÕES - SP,SP,2024-12-28,VP,São Paulo - SP,Carro,São Paulo,SP,Sábado,28
71900.0,FIAT,CRONOS DRIVE 1.0,SANTISSIMO,RIO DE JANEIRO - RJ,RJ,2024-12-28,IT,Rio de Janeiro - RJ,Carro,Rio de Janeiro,RJ,Sábado,28
60700.4,RENAULT,LOGAN ZEN10MT,CORDEIRINHO (PONTA NEGRA),MARICÁ - RJ,RJ,2024-12-28,NT,Niterói - RJ,Carro,Niterói,RJ,Sábado,28
68000.0,FIAT,MOBI LIKE 1.0,TEMPORÁRIO,ABADIA DE GOIÁS - GO,AC,2024-12-28,NT,Niterói - RJ,Carro,Niterói,RJ,Sábado,28
53681.07,FIAT,UNO ATTRACTIVE 1.0,VILA ANGÉLICA,DUQUE DE CAXIAS - RJ,RJ,2024-12-28,DC,Duque de Caxias - RJ,Carro,Duque de Caxias,RJ,Sábado,28
47000.0,RENAULT,SANDERO EXPR 10,TAQUARA,RIO DE JANEIRO - RJ,RJ,2024-12-28,IT,Rio de Janeiro - RJ,Carro,Rio de Janeiro,RJ,Sábado,28
61137.89,RENAULT,LOGAN ZEN10MT,SÃO JOÃO DE MERITI,RIO DE JANEIRO - RJ,RJ,2024-12-28,NI,Nova Iguaçu - RJ,Carro,Nova Iguaçu,RJ,Sábado,28
64337.07,PEUGEOT,208 LIKE PACK 1.6,JARDIM ALTO ALEGRE (SÃO RAFAEL),SÃO PAULO - SP,SP,2024-12-28,VP,São Paulo - SP,Carro,São Paulo,SP,Sábado,28
67988.84,RENAULT,LOGAN ZEN10MT,CACHOEIRA GRANDE (RIO DO OURO),MAGÉ - RJ,RJ,2024-12-28,DC,Duque de Caxias - RJ,Carro,Duque de Caxias,RJ,Sábado,28
73230.9,PEUGEOT,208 ACTIVE AT,TEMPORÁRIO,ABADIA DE GOIÁS - GO,AC,2024-12-28,DC,Duque de Caxias - RJ,Carro,Duque de Caxias,RJ,Sábado,28
89282.0,CAOA CHERY,TIGGO 3X PRO TB 1.0 AT,LEBLON,RIO DE JANEIRO - RJ,RJ,2024-12-28,NI,Nova Iguaçu - RJ,Carro,Nova Iguaçu,RJ,Sábado,28
78271.0,FIAT,CRONOS DRIVE 1.3,MARINGÁ,BELFORD ROXO - RJ,RJ,2024-12-28,DC,Duque de Caxias - RJ,Carro,Duque de Caxias,RJ,Sábado,28
65261.0,PEUGEOT,208 LIKE PACK 1.6,JARDIM ADUTORA,SÃO PAULO - SP,SP,2024-12-29,VP,São Paulo - SP,Carro,São Paulo,SP,Domingo,29
52002.26,FIAT,MOBI LIKE,PARQUE MARILANDIA,DUQUE DE CAXIAS - RJ,RJ,2024-12-29,DC,Duque de Caxias - RJ,Carro,Duque de Caxias,RJ,Domingo,29
54978.06,FIAT,MOBI LIKE,TAQUARA,RIO DE JANEIRO - RJ,RJ,2024-12-29,IT,Rio de Janeiro - RJ,Carro,Rio de Janeiro,RJ,Domingo,29
84800.0,FIAT,CRONOS DRIVE 1.0,VILA DOMITILA,SÃO PAULO - SP,SP,2024-12-29,VP,São Paulo - SP,Carro,São Paulo,SP,Domingo,29
64118.37,PEUGEOT,208 LIKE PACK 1.6,BARRETO,NITERÓI - RJ,RJ,2024-12-29,NT,Niterói - RJ,Carro,Niterói,RJ,Domingo,29
68860.09,HYUNDAI,HB20 SENSE 1.0,TEMPORÁRIO,ABADIA DE GOIÁS - GO,AC,2024-12-29,BM,Barra Mansa - RJ,Carro,Barra Mansa,RJ,Domingo,29
53081.1,VOLKSWAGEN,GOL 1.0,NOVO OSASCO,OSASCO - SP,SP,2024-12-29,OS,Osasco - SP,Carro,Osasco,SP,Domingo,29
61000.0,VOLKSWAGEN,VOYAGE 1.0,JARDIM VINTE E CINCO DE AGOSTO,DUQUE DE CAXIAS - RJ,RJ,2024-12-29,DC,Duque de Caxias - RJ,Carro,Duque de Caxias,RJ,Domingo,29
47320.0,FORD,KA SE 1.0 SD C,CAMPO GRANDE,RIO DE JANEIRO - RJ,RJ,2024-12-29,CG,Rio de Janeiro - RJ,Carro,Rio de Janeiro,RJ,Domingo,29
67276.24,PEUGEOT,208 LIKE MT,JARDIM MARINA,ITAPEVI - SP,SP,2024-12-29,OS,Osasco - SP,Carro,Osasco,SP,Domingo,29
17092.8,HONDA,CIVIC LX,JARDIM CRUZEIRO,SÃO PAULO - SP,SP,2024-12-30,OS,Osasco - SP,Carro,Osasco,SP,Segunda,30
26500.0,VOLKSWAGEN,FOX 1.6 PLUS,JARDIM DO LAGO,SÃO PAULO - SP,SP,2024-12-30,OS,Osasco - SP,Carro,Osasco,SP,Segunda,30
69900.0,PEUGEOT,208 LIKE PACK 1.6,PRATA,NOVA IGUAÇU - RJ,RJ,2024-12-30,NI,Nova Iguaçu - RJ,Carro,Nova Iguaçu,RJ,Segunda,30
74455.79,CHEVROLET,ONIX PLUS 10MT LT2,NOVA BELÉM,JAPERI - RJ,RJ,2024-12-30,NI,Nova Iguaçu - RJ,Carro,Nova Iguaçu,RJ,Segunda,30
47700.0,FIAT,STRADA WORKING 1.4  FIRE,CHÁCARAS RIO-PETRÓPOLIS,DUQUE DE CAXIAS - RJ,RJ,2024-12-30,DC,Duque de Caxias - RJ,Carro,Duque de Caxias,RJ,Segunda,30
